masked_method,spearman_local_I,jaccard_significance,cluster_agreement_on_sig
donut,0.2258434128145768,0.7224949465781114,0.6422177302916546
agdm,0.3225451152833996,0.7406334492081885,0.6775782155272306
