dataset,k,moran_I,p
original,6,0.026543084898045192,0.001
donut,6,0.019862416094927914,0.001
agdm,6,0.018682846307275472,0.001
original,8,0.030791634257469783,0.001
donut,8,0.01807297017308612,0.002
agdm,8,0.017927767881753067,0.001
original,10,0.02923587919078467,0.001
donut,10,0.015576206548100694,0.001
agdm,10,0.016051624754559266,0.002
original,12,0.02570839895651287,0.001
donut,12,0.01469190414285542,0.001
agdm,12,0.017442453650587844,0.001
